domain,precision,recall,f1
star_wars,0.8809523809523809,0.8409090909090909,0.8604651162790699
star_trek,0.9393939393939394,0.9253731343283582,0.9323308270676692
red_rising,0.7619047619047619,0.7384615384615385,0.75
