,precision,recall,f1
PER,0.9183673469387755,0.9375,0.9278350515463918
CASTE,0.8666666666666667,0.8125,0.8387096774193549
PLANET,0.8571428571428571,1.0,0.923076923076923
LOC,0.8181818181818182,1.0,0.9
ORG,0.5625,1.0,0.72
NORP,0.0,0.0,0.0
EVENT,0.0,0.0,0.0
WEAPON,0.0,0.0,0.0
VEHICLE,0.375,1.0,0.5454545454545454
RANK,0.6,0.375,0.4615384615384615
TECH,0.3333333333333333,0.5,0.4
PROFESSION,0.0,0.0,0.0
RITUAL,0.0,0.0,0.0
MISC,0.0,0.0,0.0
