,precision,recall,f1
PER,0.9261744966442953,0.9583333333333334,0.9419795221843005
CASTE,0.9,0.5625,0.6923076923076923
PLANET,1.0,1.0,1.0
LOC,0.9,1.0,0.9473684210526316
ORG,0.5714285714285714,0.8888888888888888,0.6956521739130435
NORP,0.6,0.6,0.6
EVENT,1.0,1.0,1.0
WEAPON,0.0,0.0,0.0
VEHICLE,0.3333333333333333,1.0,0.5
RANK,1.0,0.375,0.5454545454545454
TECH,0.6666666666666666,0.5,0.5714285714285715
PROFESSION,0.5,0.5,0.5
RITUAL,0.0,0.0,0.0
MISC,0.0,0.0,0.0
