,precision,recall,f1
PER,0.918918918918919,0.9444444444444444,0.9315068493150684
CASTE,0.9166666666666666,0.6875,0.7857142857142857
PLANET,1.0,1.0,1.0
LOC,0.9,1.0,0.9473684210526316
ORG,0.5714285714285714,0.8888888888888888,0.6956521739130435
NORP,0.4,0.4,0.4000000000000001
EVENT,1.0,1.0,1.0
WEAPON,0.0,0.0,0.0
VEHICLE,0.3333333333333333,1.0,0.5
RANK,0.8,0.5,0.6153846153846154
TECH,0.5,0.5,0.5
PROFESSION,0.0,0.0,0.0
RITUAL,0.0,0.0,0.0
MISC,0.5,0.25,0.3333333333333333
