,precision,recall,f1
PER,0.9357142857142857,0.9097222222222222,0.9225352112676057
CASTE,0.9166666666666666,0.6875,0.7857142857142857
PLANET,0.8571428571428571,1.0,0.923076923076923
LOC,1.0,1.0,1.0
ORG,0.5,0.8888888888888888,0.64
NORP,0.5,0.2,0.28571428571428575
EVENT,1.0,1.0,1.0
WEAPON,0.0,0.0,0.0
VEHICLE,0.375,1.0,0.5454545454545454
RANK,1.0,0.625,0.7692307692307693
TECH,0.6666666666666666,0.5,0.5714285714285715
PROFESSION,0.3333333333333333,0.5,0.4
RITUAL,0.0,0.0,0.0
MISC,0.0,0.0,0.0
