,precision,recall,f1
PER,0.9391891891891891,0.9652777777777778,0.952054794520548
CASTE,0.9090909090909091,0.625,0.7407407407407406
PLANET,0.8571428571428571,1.0,0.923076923076923
LOC,0.9,1.0,0.9473684210526316
ORG,0.4,0.6666666666666666,0.5
NORP,0.4,0.4,0.4000000000000001
EVENT,1.0,1.0,1.0
WEAPON,0.0,0.0,0.0
VEHICLE,0.375,1.0,0.5454545454545454
RANK,0.75,0.375,0.5
TECH,0.6666666666666666,0.5,0.5714285714285715
PROFESSION,0.0,0.0,0.0
RITUAL,0.0,0.0,0.0
MISC,0.0,0.0,0.0
