,precision,recall,f1
PER,0.9072847682119205,0.9513888888888888,0.9288135593220338
CASTE,1.0,0.75,0.8571428571428571
PLANET,0.8571428571428571,1.0,0.923076923076923
LOC,0.75,1.0,0.8571428571428571
ORG,0.6,1.0,0.7499999999999999
NORP,0.0,0.0,0.0
EVENT,1.0,1.0,1.0
WEAPON,0.0,0.0,0.0
VEHICLE,0.375,1.0,0.5454545454545454
RANK,0.8571428571428571,0.75,0.7999999999999999
TECH,0.5,0.5,0.5
PROFESSION,0.0,0.0,0.0
RITUAL,0.0,0.0,0.0
MISC,0.0,0.0,0.0
