,precision,recall,f1
PER,0.9305555555555556,0.9305555555555556,0.9305555555555556
CASTE,0.9166666666666666,0.6875,0.7857142857142857
PLANET,0.75,1.0,0.8571428571428571
LOC,0.8181818181818182,1.0,0.9
ORG,0.5,1.0,0.6666666666666666
NORP,0.0,0.0,0.0
EVENT,1.0,1.0,1.0
WEAPON,0.0,0.0,0.0
VEHICLE,0.3333333333333333,1.0,0.5
RANK,1.0,0.5,0.6666666666666666
TECH,0.4,0.5,0.4444444444444445
PROFESSION,0.5,0.5,0.5
RITUAL,0.0,0.0,0.0
MISC,0.0,0.0,0.0
