,precision,recall,f1
PER,0.9527027027027027,0.9791666666666666,0.9657534246575342
CASTE,0.9166666666666666,0.6875,0.7857142857142857
PLANET,1.0,1.0,1.0
LOC,0.9,1.0,0.9473684210526316
ORG,0.5,0.8888888888888888,0.64
NORP,0.0,0.0,0.0
EVENT,1.0,1.0,1.0
WEAPON,0.0,0.0,0.0
VEHICLE,0.5,1.0,0.6666666666666666
RANK,1.0,0.625,0.7692307692307693
TECH,0.4,0.5,0.4444444444444445
PROFESSION,0.5,0.5,0.5
RITUAL,0.0,0.0,0.0
MISC,0.0,0.0,0.0
