,precision,recall,f1
PER,0.9194630872483222,0.9513888888888888,0.9351535836177475
CASTE,0.9285714285714286,0.8125,0.8666666666666666
PLANET,0.8571428571428571,1.0,0.923076923076923
LOC,0.8181818181818182,1.0,0.9
ORG,0.6,1.0,0.7499999999999999
NORP,1.0,0.4,0.5714285714285715
EVENT,1.0,1.0,1.0
WEAPON,0.0,0.0,0.0
VEHICLE,0.375,1.0,0.5454545454545454
RANK,0.8571428571428571,0.75,0.7999999999999999
TECH,0.4,0.5,0.4444444444444445
PROFESSION,0.0,0.0,0.0
RITUAL,0.0,0.0,0.0
MISC,0.0,0.0,0.0
