,precision,recall,f1
PER,0.9395973154362416,0.9722222222222222,0.9556313993174061
CASTE,0.9166666666666666,0.6875,0.7857142857142857
PLANET,1.0,1.0,1.0
LOC,0.9,1.0,0.9473684210526316
ORG,0.6153846153846154,0.8888888888888888,0.7272727272727274
NORP,0.3333333333333333,0.2,0.25
EVENT,0.0,0.0,0.0
WEAPON,0.0,0.0,0.0
VEHICLE,0.3333333333333333,1.0,0.5
RANK,1.0,0.625,0.7692307692307693
TECH,0.5,0.5,0.5
PROFESSION,0.3333333333333333,0.5,0.4
RITUAL,0.0,0.0,0.0
MISC,0.0,0.0,0.0
