,precision,recall,f1
PER,0.9295774647887324,0.9166666666666666,0.9230769230769231
CASTE,0.9230769230769231,0.75,0.8275862068965517
PLANET,1.0,1.0,1.0
LOC,0.8181818181818182,1.0,0.9
ORG,0.4,0.8888888888888888,0.5517241379310346
NORP,0.0,0.0,0.0
EVENT,1.0,1.0,1.0
WEAPON,0.0,0.0,0.0
VEHICLE,0.3333333333333333,1.0,0.5
RANK,1.0,0.25,0.4
TECH,0.5,0.5,0.5
PROFESSION,0.25,0.5,0.3333333333333333
RITUAL,0.0,0.0,0.0
MISC,0.25,0.25,0.25
