,precision,recall,f1
PER,0.9246575342465754,0.9375,0.9310344827586208
CASTE,0.8,0.75,0.7741935483870969
PLANET,0.8571428571428571,1.0,0.923076923076923
LOC,0.9,1.0,0.9473684210526316
ORG,0.5,1.0,0.6666666666666666
NORP,0.0,0.0,0.0
EVENT,0.0,0.0,0.0
WEAPON,0.0,0.0,0.0
VEHICLE,0.3333333333333333,1.0,0.5
RANK,0.7142857142857143,0.625,0.6666666666666666
TECH,0.5,0.5,0.5
PROFESSION,0.0,0.0,0.0
RITUAL,0.0,0.0,0.0
MISC,0.0,0.0,0.0
