,precision,recall,f1
PER,0.6482758620689655,0.6573426573426573,0.6527777777777778
SPECIES,0.0,0.0,0.0
LOC,0.8333333333333334,0.7692307692307693,0.8
ORG,0.25,0.6666666666666666,0.36363636363636365
GPE,0.0,0.0,0.0
NORP,0.23076923076923078,0.42857142857142855,0.3
WEAPON,0.45454545454545453,0.7142857142857143,0.5555555555555556
TECH,1.0,0.045454545454545456,0.08695652173913045
SPACECRAFT,0.7142857142857143,0.7142857142857143,0.7142857142857143
RANK,0.5,0.16666666666666666,0.25
MISC,0.0,0.0,0.0
